{"loss": [1.533685326576233, 1.2106677293777466, 1.0846076011657715, 1.0012562274932861, 0.9388093948364258, 0.8984803557395935, 0.8518176674842834, 0.8065712451934814, 0.7778468728065491, 0.7430828809738159], "accuracy": [0.44325000047683716, 0.572350025177002, 0.6157500147819519, 0.6475750207901001, 0.6700000166893005, 0.6849499940872192, 0.7011250257492065, 0.7168750166893005, 0.7263249754905701, 0.7394750118255615], "val_loss": [1.2253609895706177, 1.1302388906478882, 0.9953985214233398, 0.9402945041656494, 0.9130620360374451, 0.8708173632621765, 0.8445529341697693, 0.8737626075744629, 0.8162935972213745, 0.8291373252868652], "val_accuracy": [0.5680000185966492, 0.6090999841690063, 0.6592000126838684, 0.6800000071525574, 0.6848999857902527, 0.7062000036239624, 0.7125999927520752, 0.7010999917984009, 0.7245000004768372, 0.7164999842643738]}