{"loss": [1.7664179801940918, 1.3796112537384033], "accuracy": [0.37575000524520874, 0.5149750113487244], "val_loss": [1.4851491451263428, 1.3120901584625244], "val_accuracy": [0.4832000136375427, 0.5464000105857849]}