{"loss": [1.1272703409194946, 0.9839956164360046, 0.8983563184738159, 0.8336672782897949, 0.7833423614501953, 0.7442576885223389, 0.7149257063865662, 0.6844029426574707, 0.6645542979240417, 0.6458838582038879, 0.62491774559021, 0.612421452999115, 0.5963442921638489, 0.5786725282669067, 0.5673288702964783, 0.5615594387054443, 0.5528395175933838, 0.5425187349319458, 0.5338029861450195, 0.5239325165748596, 0.5191088318824768, 0.5101943612098694, 0.5039096474647522, 0.4966602027416229, 0.4964328110218048, 0.488094687461853, 0.48064520955085754, 0.4746190011501312, 0.4761316776275635, 0.4688694477081299], "accuracy": [0.601687490940094, 0.6573500037193298, 0.6869750022888184, 0.7128124833106995, 0.7304499745368958, 0.7464374899864197, 0.7561249732971191, 0.764787495136261, 0.7734875082969666, 0.7792999744415283, 0.7858499884605408, 0.7903125286102295, 0.7972000241279602, 0.8009750247001648, 0.8060500025749207, 0.8092874884605408, 0.8119624853134155, 0.8136625289916992, 0.8168249726295471, 0.8214125037193298, 0.8234000205993652, 0.8254374861717224, 0.8258249759674072, 0.8294500112533569, 0.8303874731063843, 0.8327624797821045, 0.8345000147819519, 0.8380500078201294, 0.8368374705314636, 0.8385499715805054], "val_loss": [0.9447420835494995, 0.7195143699645996, 0.709161102771759, 0.7385050058364868, 0.5927447080612183, 0.5514289736747742, 0.5572883486747742, 0.5680088996887207, 0.5290850400924683, 0.5293800830841064, 0.5221911668777466, 0.482342392206192, 0.5027515292167664, 0.4713594615459442, 0.5058022737503052, 0.473131000995636, 0.5375035405158997, 0.43811675906181335, 0.42897436022758484, 0.4559038579463959, 0.42360517382621765, 0.4296615719795227, 0.4085317552089691, 0.43870633840560913, 0.4239784777164459, 0.4284738302230835, 0.436735063791275, 0.40229398012161255, 0.420608252286911, 0.436862587928772], "val_accuracy": [0.6665999889373779, 0.7454000115394592, 0.7516000270843506, 0.7468000054359436, 0.796999990940094, 0.8112999796867371, 0.8147000074386597, 0.805899977684021, 0.8187999725341797, 0.8187999725341797, 0.8191999793052673, 0.8367999792098999, 0.829800009727478, 0.8409000039100647, 0.8309999704360962, 0.8429999947547913, 0.817799985408783, 0.8511999845504761, 0.8553000092506409, 0.8485999703407288, 0.8511000275611877, 0.8547999858856201, 0.8629000186920166, 0.8536999821662903, 0.8575000166893005, 0.8580999970436096, 0.8561000227928162, 0.866599977016449, 0.8611999750137329, 0.8544999957084656]}