{"loss": [1.6088749170303345, 1.2705199718475342, 1.1416521072387695, 1.0585135221481323, 0.9970619082450867, 0.9552639722824097, 0.9109863042831421, 0.8697503209114075, 0.838939368724823, 0.8110489249229431, 0.7867597937583923, 0.7697099447250366, 0.7335439920425415, 0.7243397235870361, 0.6971544623374939, 0.684515118598938, 0.664326012134552, 0.6500180959701538, 0.6344921588897705, 0.6166539788246155], "accuracy": [0.4160749912261963, 0.5504500269889832, 0.5975499749183655, 0.6316999793052673, 0.6507499814033508, 0.667074978351593, 0.6805999875068665, 0.694100022315979, 0.7049750089645386, 0.7119749784469604, 0.7236499786376953, 0.7270500063896179, 0.7398750185966492, 0.7448750138282776, 0.7540249824523926, 0.7563250064849854, 0.7651249766349792, 0.7711499929428101, 0.7748500108718872, 0.7792750000953674], "val_loss": [1.3595389127731323, 1.1410253047943115, 1.0337339639663696, 1.026719331741333, 0.9650347828865051, 0.9316350817680359, 0.9138337969779968, 0.8593651652336121, 0.8656032085418701, 0.861929178237915, 0.8208006024360657, 0.8091493844985962, 0.8089441061019897, 0.7891727685928345, 0.7824695706367493, 0.8059594035148621, 0.7769851088523865, 0.7865485548973083, 0.7659999132156372, 0.7748603224754333], "val_accuracy": [0.5343000292778015, 0.6115999817848206, 0.6452999711036682, 0.6480000019073486, 0.6697999835014343, 0.6775000095367432, 0.6898999810218811, 0.7124999761581421, 0.708899974822998, 0.703499972820282, 0.7231000065803528, 0.7197999954223633, 0.7267000079154968, 0.7325999736785889, 0.7325999736785889, 0.7261999845504761, 0.7339000105857849, 0.7355999946594238, 0.7397000193595886, 0.7384999990463257]}