{"loss": [1.838849425315857, 1.4216737747192383, 1.2477662563323975, 1.1399657726287842, 1.0638490915298462, 1.00270414352417, 0.9512512683868408, 0.918007493019104, 0.8836960792541504, 0.8495575189590454], "accuracy": [0.3098500072956085, 0.4778749942779541, 0.550724983215332, 0.5938500165939331, 0.6212000250816345, 0.6478999853134155, 0.666575014591217, 0.680525004863739, 0.6910750269889832, 0.704800009727478], "val_loss": [1.44883394241333, 1.1815123558044434, 1.0750420093536377, 0.9761149287223816, 0.9052929878234863, 0.8153426051139832, 0.7880313992500305, 0.7765082716941833, 0.8051180243492126, 0.806247353553772], "val_accuracy": [0.4634000062942505, 0.5713000297546387, 0.6128000020980835, 0.6557999849319458, 0.6740000247955322, 0.7113999724388123, 0.7213000059127808, 0.7310000061988831, 0.7182000279426575, 0.7188000082969666]}