{"loss": [1.5293090343475342, 1.1545779705047607, 1.0002473592758179, 0.8876252174377441, 0.802609920501709, 0.7237332463264465, 0.6447010636329651, 0.5791736841201782, 0.5145624876022339, 0.4519248902797699], "accuracy": [0.4486750066280365, 0.5920249819755554, 0.6494250297546387, 0.6914250254631042, 0.7212749719619751, 0.7486749887466431, 0.7759000062942505, 0.7974500060081482, 0.823074996471405, 0.8440250158309937], "val_loss": [1.261606216430664, 1.0978502035140991, 1.0296396017074585, 0.9535624980926514, 0.9645765423774719, 0.8982075452804565, 0.9071264863014221, 0.9313046932220459, 0.9380899667739868, 0.9834224581718445], "val_accuracy": [0.5551000237464905, 0.6155999898910522, 0.6398000121116638, 0.6711000204086304, 0.671500027179718, 0.6960999965667725, 0.6988000273704529, 0.6938999891281128, 0.6955000162124634, 0.7031999826431274]}