{"loss": [1.6202335357666016, 1.2824896574020386, 1.1451596021652222, 1.060319185256958, 1.008876085281372, 0.9525423049926758, 0.921332836151123, 0.8756552934646606, 0.8463557362556458, 0.825142502784729], "accuracy": [0.4115000069141388, 0.5404000282287598, 0.5957499742507935, 0.6233999729156494, 0.6436499953269958, 0.6673499941825867, 0.675225019454956, 0.6919000148773193, 0.7030749917030334, 0.7093750238418579], "val_loss": [1.346583604812622, 1.1350932121276855, 1.0414235591888428, 0.9801031351089478, 0.9291753172874451, 0.9285665154457092, 0.8845151662826538, 0.8792465925216675, 0.8551731705665588, 0.8563236594200134], "val_accuracy": [0.5232999920845032, 0.6110000014305115, 0.6427000164985657, 0.6642000079154968, 0.6870999932289124, 0.6776999831199646, 0.6962000131607056, 0.697700023651123, 0.7074999809265137, 0.7067000269889832]}