{"loss": [1.7952483892440796, 1.2126972675323486, 1.0205804109573364, 0.9028128981590271, 0.8280315399169922, 0.7694270014762878, 0.7282283902168274, 0.684074342250824, 0.6491754651069641, 0.6234568357467651], "accuracy": [0.3932749927043915, 0.5673499703407288, 0.6395249962806702, 0.6850749850273132, 0.7125250101089478, 0.7332249879837036, 0.7468000054359436, 0.7632499933242798, 0.7767500281333923, 0.7847499847412109], "val_loss": [1.495667815208435, 1.054561972618103, 0.9751652479171753, 0.8381673097610474, 0.8239333033561707, 0.6957542300224304, 0.7149012088775635, 0.6310003995895386, 0.5802070498466492, 0.636437177658081], "val_accuracy": [0.48249998688697815, 0.6219000220298767, 0.6521999835968018, 0.7063999772071838, 0.7003999948501587, 0.7542999982833862, 0.7556999921798706, 0.7803000211715698, 0.7972000241279602, 0.7803999781608582]}