{"loss": [1.5125094652175903, 1.1498750448226929, 1.0100184679031372, 0.9184207916259766, 0.8483973741531372, 0.7797466516494751, 0.7302253842353821, 0.6718363165855408, 0.6275835037231445, 0.5882237553596497], "accuracy": [0.45442500710487366, 0.5922250151634216, 0.6474499702453613, 0.6780750155448914, 0.7034000158309937, 0.7260249853134155, 0.744825005531311, 0.7648249864578247, 0.7810249924659729, 0.7909500002861023], "val_loss": [1.2347263097763062, 1.1059086322784424, 1.0139591693878174, 0.9380710124969482, 0.8867034316062927, 0.8774818181991577, 0.8471015691757202, 0.8507019281387329, 0.8150171637535095, 0.8220006823539734], "val_accuracy": [0.5659999847412109, 0.6122000217437744, 0.650600016117096, 0.6751000285148621, 0.6977999806404114, 0.6938999891281128, 0.7081999778747559, 0.7167999744415283, 0.723800003528595, 0.7250999808311462]}