{"loss": [1.748207449913025, 1.4939790964126587, 1.3935368061065674, 1.3384652137756348, 1.292574167251587, 1.261483907699585, 1.2338261604309082, 1.213180661201477, 1.1891790628433228, 1.1769523620605469], "accuracy": [0.3604249954223633, 0.46182501316070557, 0.5007249712944031, 0.522475004196167, 0.5404750108718872, 0.5512499809265137, 0.5605999827384949, 0.5671250224113464, 0.5785999894142151, 0.5812749862670898], "val_loss": [1.450118064880371, 1.2978955507278442, 1.1957496404647827, 1.180454969406128, 1.1396583318710327, 1.0943914651870728, 1.054977297782898, 1.0319194793701172, 1.0204530954360962, 1.0112626552581787], "val_accuracy": [0.4846000075340271, 0.5406000018119812, 0.5789999961853027, 0.5903000235557556, 0.59579998254776, 0.6144999861717224, 0.6262000203132629, 0.642300009727478, 0.6371999979019165, 0.6460000276565552]}