{"loss": [1.633103370666504, 1.3088687658309937, 1.1967520713806152, 1.126932978630066, 1.068111777305603, 1.021763563156128, 0.9640432000160217, 0.9399711489677429, 0.9037389755249023, 0.8773605823516846, 0.8441568613052368, 0.8215908408164978, 0.8004226088523865, 0.7702032923698425, 0.753574550151825], "accuracy": [0.4114062488079071, 0.538812518119812, 0.5811562538146973, 0.6045937538146973, 0.6250625252723694, 0.6443437337875366, 0.6635624766349792, 0.6732812523841858, 0.6862499713897705, 0.6935312747955322, 0.7059375047683716, 0.7132187485694885, 0.7205625176429749, 0.7303749918937683, 0.7339062690734863], "val_loss": [1.3595584630966187, 1.2681920528411865, 1.2257376909255981, 1.1492667198181152, 1.131756067276001, 1.1261875629425049, 1.1127725839614868, 1.0895731449127197, 1.0894767045974731, 1.1179955005645752, 1.0729925632476807, 1.0654628276824951, 1.0691336393356323, 1.1103947162628174, 1.0918997526168823], "val_accuracy": [0.515999972820282, 0.5531250238418579, 0.5571249723434448, 0.5998749732971191, 0.6029999852180481, 0.6033750176429749, 0.6065000295639038, 0.6265000104904175, 0.6278749704360962, 0.6159999966621399, 0.6370000243186951, 0.6401249766349792, 0.6443750262260437, 0.6259999871253967, 0.6367499828338623]}