{"loss": [1.614699125289917, 1.2163959741592407, 1.022396206855774, 0.8914999961853027, 0.7865866422653198, 0.7189745903015137, 0.6564517617225647, 0.6081763505935669, 0.561656653881073, 0.5229790210723877], "accuracy": [0.4108999967575073, 0.5672500133514404, 0.6396999955177307, 0.6868000030517578, 0.7232999801635742, 0.7444999814033508, 0.7692999839782715, 0.7839000225067139, 0.800475001335144, 0.8134750127792358], "val_loss": [1.3070228099822998, 1.0625219345092773, 0.9727677702903748, 0.9183548092842102, 0.7598856687545776, 0.7522019743919373, 0.7169297337532043, 0.7083478569984436, 0.6826661825180054, 0.7031716108322144], "val_accuracy": [0.5231999754905701, 0.630299985408783, 0.6581000089645386, 0.675599992275238, 0.7382000088691711, 0.7425000071525574, 0.7526999711990356, 0.7597000002861023, 0.767300009727478, 0.7601000070571899]}