{"loss": [1.648681879043579, 1.2912477254867554, 1.1574420928955078, 1.0565593242645264, 0.9928162097930908, 0.9441367983818054, 0.8947175741195679, 0.8503525257110596, 0.8153585195541382, 0.7892398834228516], "accuracy": [0.39704999327659607, 0.5404750108718872, 0.5907250046730042, 0.6284999847412109, 0.6484249830245972, 0.66982501745224, 0.6863250136375427, 0.7019500136375427, 0.7143499851226807, 0.7221999764442444], "val_loss": [1.3741322755813599, 1.2203683853149414, 1.0705525875091553, 0.9927172064781189, 0.9578261971473694, 0.9499568343162537, 0.88547682762146, 0.9191482663154602, 0.8279677629470825, 0.8260475397109985], "val_accuracy": [0.5196999907493591, 0.569100022315979, 0.6299999952316284, 0.6607000231742859, 0.669700026512146, 0.6725000143051147, 0.6949999928474426, 0.6815000176429749, 0.7184000015258789, 0.7182999849319458]}