{"loss": [1.6286650896072388, 1.3042323589324951, 1.199626088142395, 1.1385446786880493, 1.085921049118042, 1.0442445278167725, 1.0086565017700195, 0.975795328617096, 0.9469172954559326, 0.9216840863227844, 0.8980950117111206, 0.8827877044677734, 0.8598389625549316, 0.839911937713623, 0.822620689868927], "accuracy": [0.41452500224113464, 0.5385749936103821, 0.579800009727478, 0.605525016784668, 0.6214749813079834, 0.6381499767303467, 0.6471250057220459, 0.6603249907493591, 0.6719250082969666, 0.6797249913215637, 0.687624990940094, 0.6920750141143799, 0.6987000107765198, 0.7066749930381775, 0.7119749784469604], "val_loss": [1.4049631357192993, 1.3023512363433838, 1.2126809358596802, 1.2612258195877075, 1.1764968633651733, 1.139340877532959, 1.1064494848251343, 1.0857161283493042, 1.0684281587600708, 1.0455737113952637, 1.060655117034912, 1.043256402015686, 1.0618263483047485, 1.0409921407699585, 1.0774664878845215], "val_accuracy": [0.5037000179290771, 0.5503000020980835, 0.5788999795913696, 0.5647000074386597, 0.5957000255584717, 0.6035000085830688, 0.6182000041007996, 0.6276000142097473, 0.635699987411499, 0.6481999754905701, 0.6398000121116638, 0.6460999846458435, 0.6489999890327454, 0.6480000019073486, 0.6413000226020813]}