{"loss": [1.8191967010498047, 1.2739284038543701, 1.079651117324829, 0.9697100520133972, 0.8720756769180298, 0.8187422156333923, 0.7626292705535889, 0.7214563488960266, 0.6823122501373291, 0.6492501497268677, 0.635756254196167, 0.6052181124687195, 0.5853302478790283, 0.5634734630584717, 0.5474762916564941, 0.5340211987495422, 0.5220077633857727, 0.5047543048858643, 0.501778781414032, 0.48136088252067566, 0.4718296527862549, 0.46563974022865295, 0.45058339834213257, 0.4452751576900482, 0.4398469626903534, 0.43310078978538513, 0.4230703115463257, 0.41793033480644226, 0.41403380036354065, 0.40250730514526367], "accuracy": [0.3779500126838684, 0.5435000061988831, 0.6153749823570251, 0.6606249809265137, 0.6958000063896179, 0.7150999903678894, 0.7340250015258789, 0.7497749924659729, 0.765625, 0.7756999731063843, 0.7811750173568726, 0.791450023651123, 0.7985000014305115, 0.8047000169754028, 0.8118500113487244, 0.815500020980835, 0.8205000162124634, 0.8270750045776367, 0.8284249901771545, 0.8338750004768372, 0.8388749957084656, 0.8404750227928162, 0.8432499766349792, 0.8455250263214111, 0.84722501039505, 0.8531749844551086, 0.8518750071525574, 0.8565250039100647, 0.856024980545044, 0.8608999848365784], "val_loss": [1.5711417198181152, 1.282703161239624, 1.2234959602355957, 0.8441789746284485, 0.8270626068115234, 0.8046844005584717, 0.6826879978179932, 0.680698037147522, 0.6582679152488708, 0.6075094938278198, 0.6476300358772278, 0.571026623249054, 0.5842864513397217, 0.5723305940628052, 0.67893385887146, 0.49901703000068665, 0.5814955830574036, 0.5181303024291992, 0.5544370412826538, 0.4893844723701477, 0.4862012267112732, 0.48813724517822266, 0.4852915406227112, 0.4954054653644562, 0.619619607925415, 0.501960277557373, 0.5042892694473267, 0.4743892550468445, 0.4795016944408417, 0.4802364110946655], "val_accuracy": [0.4408999979496002, 0.5601000189781189, 0.5810999870300293, 0.6972000002861023, 0.705299973487854, 0.7214999794960022, 0.7605000138282776, 0.7642999887466431, 0.7670999765396118, 0.7875000238418579, 0.7731000185012817, 0.801800012588501, 0.7985000014305115, 0.8027999997138977, 0.7699999809265137, 0.8292999863624573, 0.8027999997138977, 0.823199987411499, 0.8109999895095825, 0.8313000202178955, 0.8343999981880188, 0.8363999724388123, 0.8391000032424927, 0.8348000049591064, 0.7973999977111816, 0.8309000134468079, 0.8309999704360962, 0.8435999751091003, 0.8363000154495239, 0.8452000021934509]}