{"loss": [1.5572874546051025, 1.2097747325897217, 1.0806152820587158, 0.9848098754882812, 0.9251815676689148, 0.8741626143455505, 0.8206175565719604, 0.780921995639801, 0.7446694374084473, 0.7063093781471252], "accuracy": [0.4343250095844269, 0.572825014591217, 0.6184999942779541, 0.6557000279426575, 0.6765000224113464, 0.691100001335144, 0.7114499807357788, 0.7249000072479248, 0.7366250157356262, 0.7497249841690063], "val_loss": [1.334465503692627, 1.1113736629486084, 1.0274395942687988, 0.9348434805870056, 0.8950571417808533, 0.8753032088279724, 0.898246169090271, 0.8194066286087036, 0.7925100326538086, 0.77507084608078], "val_accuracy": [0.5406000018119812, 0.619700014591217, 0.646399974822998, 0.6862000226974487, 0.6970999836921692, 0.7008000016212463, 0.692300021648407, 0.7171000242233276, 0.7279999852180481, 0.7293000221252441]}