{"loss": [1.5579731464385986, 1.2586538791656494, 1.1511470079421997, 1.0811741352081299, 1.0293647050857544, 0.9923285841941833, 0.956409752368927, 0.9271154403686523, 0.8997141718864441, 0.8805499076843262, 0.859641969203949, 0.8395021557807922, 0.8269230723381042, 0.8068944215774536, 0.7970059514045715, 0.7835493683815002, 0.7733349800109863, 0.7613108158111572, 0.7550775408744812, 0.7388081550598145], "accuracy": [0.43531250953674316, 0.5515999794006348, 0.5904750227928162, 0.6168000102043152, 0.6345750093460083, 0.6488875150680542, 0.6628000140190125, 0.6705499887466431, 0.6811624765396118, 0.6872125267982483, 0.696025013923645, 0.7018874883651733, 0.7046499848365784, 0.7143999934196472, 0.7188875079154968, 0.7203500270843506, 0.7248250246047974, 0.7283874750137329, 0.7312124967575073, 0.738212525844574], "val_loss": [1.2108491659164429, 1.0540087223052979, 0.9931076169013977, 0.9319153428077698, 0.9402210116386414, 0.8868753910064697, 0.8811090588569641, 0.8517807722091675, 0.8410899639129639, 0.8295615315437317, 0.819774329662323, 0.8237701058387756, 0.8145685791969299, 0.8255947232246399, 0.8224411010742188, 0.8130227327346802, 0.82683926820755, 0.8270664811134338, 0.8290587663650513, 0.82098788022995], "val_accuracy": [0.5803999900817871, 0.6388999819755554, 0.6525999903678894, 0.6797000169754028, 0.6718000173568726, 0.6970999836921692, 0.6974999904632568, 0.703499972820282, 0.7089999914169312, 0.7145000100135803, 0.7193999886512756, 0.7113999724388123, 0.7152000069618225, 0.713699996471405, 0.7163000106811523, 0.722000002861023, 0.7146000266075134, 0.7161999940872192, 0.7153000235557556, 0.722100019454956]}