{"loss": [1.538224220275879, 1.194838523864746, 1.0495136976242065, 0.9666371941566467, 0.9005264639854431, 0.8378600478172302, 0.7910457253456116, 0.7405129075050354, 0.7115819454193115, 0.6663868427276611], "accuracy": [0.4412499964237213, 0.5788750052452087, 0.6345750093460083, 0.6645249724388123, 0.6868249773979187, 0.7073249816894531, 0.7236250042915344, 0.7432500123977661, 0.7511500120162964, 0.7648249864578247], "val_loss": [1.2507213354110718, 1.1306065320968628, 1.0374904870986938, 0.9276782274246216, 0.9020887613296509, 0.9172152280807495, 0.8828444480895996, 0.866844654083252, 0.8269091844558716, 0.8427178859710693], "val_accuracy": [0.5685999989509583, 0.6043999791145325, 0.6413000226020813, 0.6789000034332275, 0.6915000081062317, 0.682200014591217, 0.7016000151634216, 0.6998999714851379, 0.7222999930381775, 0.7132999897003174]}