{"loss": [1.5696353912353516, 1.21186363697052, 1.0918803215026855, 1.0044928789138794, 0.9337121844291687, 0.8743603229522705, 0.8296886682510376, 0.7889202833175659, 0.7502967715263367, 0.7109568119049072], "accuracy": [0.4300749897956848, 0.5708500146865845, 0.6164249777793884, 0.6486499905586243, 0.6749250292778015, 0.6944500207901001, 0.7080000042915344, 0.7221750020980835, 0.7343249917030334, 0.751675009727478], "val_loss": [1.263401985168457, 1.1396420001983643, 1.0206432342529297, 0.9791016578674316, 0.9482366442680359, 0.8624104261398315, 0.8368248343467712, 0.8261258602142334, 0.8193905353546143, 0.8270065188407898], "val_accuracy": [0.5659999847412109, 0.6078000068664551, 0.6510000228881836, 0.6603999733924866, 0.6741999983787537, 0.7085999846458435, 0.7103999853134155, 0.7168999910354614, 0.7160000205039978, 0.717199981212616]}